track_name,artist_name,lyrics,deskripsi
Waktu Yang Salah,Fiersa Besari,jangan tanyakan perasaanku jika kau pun tak bisa beralih dari masa lalu yang menghantuimu karena sungguh ini tidak adil bukan maksudku menyakitimu namun tak mudah tuk melupakan cerita panjang yang pernah aku lalui tolong yakinkan saja raguku pergi saja engkau pergi dariku biar kubunuh perasaan untukmu meski berat melangkah hatiku hanya tak siap terluka beri kisah kita sedikit waktu semesta mengirim dirimu untukku kita adalah rasa yang tepat di waktu yang salah hidup memang sebuah pilihan tapi hati bukan tuk dipilih bila hanya setengah dirimu hadir dan setengah lagi untuk dia pergi saja engkau pergi dariku biar kubunuh perasaan untukmu meski berat melangkah hatiku hanya tak siap terluka beri kisah kita sedikit waktu semesta mengirim dirimu untukku kita adalah rasa yang tepat di waktu yang salah bukan ini yang kumau lalu untuk apa kau datang rindu tak bisa diatur kita tak pernah mengerti kau dan aku menyakitkan pergi saja engkau pergi dariku biar kubunuh perasaan untukmu meski berat melangkah hatiku hanya tak siap terluka beri kisah kita sedikit waktu semesta mengirim dirimu untukku kita adalah rasa yang tepat di waktu yang salah di waktu yang salah,seberapa keras pun usahamu melupakannya jika dihati masih ada cinta mustahil move on itu bukan membuang kenangannya tapi menghilangkan perasaanmu untuknya jangan pernah salahkan waktu ia ada untuk berjalan dan berlalu sebagaimana kodratnya andai waktu sanggup menunggu maka tak akan ada sejarah kelam yanag terukir di bumi ini penghancur dari segala cerita indah adalah ego maka buanglah jauh ego yang ada agar tak berbuah penyesalan tuhan tidak menghancurkan rencana mu hanya saja tuhan ingin dirimu untuk tetap lebih banyak bersabar karna itulah jalan tuhan yg sesungguhnya aluan lagu ini sungguh nyata dgn apa yg saya rasakan saat ini sungguh benar benar menyedihkan yang tulus hanya di anggap sampah jika aku adalah seorang pelaut yg telah melayarkan kapalnya ke seluruh penjuru bumi maka km adalah samudera terindah yang pernah kuarungi sedangkan hatimu adalah badai terindah yang tak akan pernah ku sesali senja mengajarkan bahwasanya keindahan tak slalu dtg lebih awal dulu kau minta saya untuk selalu menjaga mu dulu kau minta ku untuk tidak pergi tapi kau malah pergi dengannya hidup memang sebuah pilihan tapi hati bukan untuk di pilih itu sudah jdi pilihan mu semoga kau bahagia tidak ada cinta yang salah hanya saja kadang kita salah menafsirkannya jika hujan adalah air jika kebakaran adalah api hancurkan kan harapan mu padanya raihlah keinginan mu meski itu jalan yang sulit untukmu melepaskan segalanya kenapa kau datang dan sekarang ku takut kehilangan mu yang dirimu masih menjalani kisah yang lain aku tidak berhenti mencintaimu/menyayangimu aku hanya berhenti menunjukkannya demi kebahagiaanmu dengan pilihanmu hidup memang sebuah pilihan tapi hati bukan tuk dipilih bila hanya setengah dirimu hadir dan setengah lagi untuk dia pergi saja engkau pergi dariku biar kubunuh perasaan untukmu meski berat melangkah hatiku hanya tak siap terluka beri kisah kita sedikit waktu semesta mengirim dirimu untukku kita adalah rasa yang salah sedang berada di fase ini terkadang bukan kenangan pahit yang membuat kita bersedih tapi kenangan yang sangat manislah yang pernah kita lalui namun tak mngkin terulang kembali
Garis Waktu,Fiersa Besari,kenangan terburai bersama wangimu yang singgah di kala hujan tawa dan tangisan yang kita lalui kini sebatas sejarah kau yang terbaik kau yang terindah kau yang mengajari arti jatuh hati kau beri harap lalu kau pergi garis waktu takkan mampu menghapusmu kau pernah menjadi pusat semestaku segalanya kuberikan sekarang kita hanya dua orang asing dengan sejuta kenangan dalam deru riak napas di paru-paru kau memenuhi ruang sebagai rasa yang hilang rela yang merupa lara kau mengerak sebagai debu yang bergerak dalam cemas yang berontak keras memukul tajam menikam kau membungkam pikir dengan merusak tempurung otak mencabut kenang yang tersisa sebagai senang yang harus binasa rusak mengoyak risak mengarak kau membunuh rindu dengan menyayat inti jantungku mencekik detik yang berjalan menggiringku ke pemakaman ketika kesetiaan menjadi barang mahal dan kata maaf terlalu sulit untuk diucap perlahan nyawa kita lepas akibat ego yang saling memaksa jiwa kita lumpuh sebab kuasa yang saling meruntuh kini biarkan kau dan aku tertulis sebagai prasasti dua manusia keras kepala yang mencoba hidup dengan kondisi hati telah mati kau yang terbaik juga terburuk kau yang mengajari arti patah hati kau beri harap lalu kau pergi garis waktu takkan mampu menghapusmu,ketika kesetiaan menjadi barang mahal dan kata maaf terlalu sulit untuk diucap perlahan nyawa kita lepas akibat ego yang saling memaksa jiwa kita lumpuh sebab kuasa yang saling meruntuh kini biarkan kau dan aku tertulis sebagai prasasti dua manusia keras kepala yang mencoba hidup dengan kondisi hati telah mati kita adalah sepasang garis waktu yang terdampar dalam kegagalan teruntuk almarhumah istri tersayang disurga sana penuh kenangan karna patah hati terdalam ditinggal org tersayang selamanya aku rindumu sayang celakanya aku malah ikut terbenam dalam skenario yang kau ciptakan dan kita menjadi terbiasa untuk pura pura tertawa padahal kau dan aku tahu aku mendambakanmu yang mendambakannya dalam genggamanku engkau adalah sosok yang bernyawa namun hanya bayangmu yang tertinggal disini kau pernah menjadi pusat semestaku sekarang kita hanya dua orang asing dengan sejuta kenangan selamat menempuh hidup baru mencintai sesungguhnya ialah melepaskan dan melihatnya bahagia meski tidak bersama dia yang pernah hadir dia yang memberi cahaya di tengah gelap yang kujalani seiring berjalannya waktu cahaya yang dia berikan ke aku ternyata lebih kecil daripada cahaya yang dia berikan kpd orang yg di dambakannya kini aku mengikhlaskan fakta yang menyakitkan ini terima kasih mau singgah di hidupku dulu pernah memiliki seseorang yang terlalu memberi harap bahkan sampai lupa kalo rasa itu hanya sementara dan sekarang sudah mulai paham dan belajar kalo rasa tidak perlu digali terlalu dalam sebelum lubang yang diinginkan ditemukan terima kasih telah mengukir kisah dihidup ku yg semula kosong meski hanya sebentar kenangan bersama mu akan selalu menjadi bagian terbaik dihidup ku jika di kehidupan selanjutnya; ada seseorang yang mencintaimu layaknya aku mencintaimu itulah aku aku pernah sangat mencintai sampai lupa kebalikan dari mencintai itu di sakiti hampir dua tahun aku menyembuhkan semuanya sendiri dan sekarang udah dapat yang lebih lebih baik terimakasih tuhan rencana mu sungguh luar biasa mungkin sikapku telah terlihat dingin namun percayalah namamu masih hangat di dalam doaku kamu pernah meyakinkan aku untuk percaya meyakinkan aku hingga aku tak mengenal lagi apa itu ragu kamu membuatku senang tertawa dan juga bahagia kamu mengajarkan aku bahwa aku harus sabar menghadapi berbagai cobaan harus sabar menunggu harus sabar akan sikapmu tapi itu duluu hingga kini aku lupa siapa aku dengan tidak tau diri kamu membuatku hancur meninggalkan ku tanpa alasan yang jelas membuatku yang sulit percaya ini menjadi kecewa kamu membuatku percaya dengan susah payah lalu mengapa kamu menghancurkan aku dengan mudahnya apa memang begitu sifatmu wkwk
Runtuh,Feby Putri feat. Fiersa Besari,ku terbangun lagi di antara sepi hanya pikiran yang ramai mengutuki diri tak bisa kembali tuk mengubah alur kisah ketika mereka meminta tawa ternyata rela tak semudah kata tak perlu khawatir ku hanya terluka terbiasa tuk pura-pura tertawa namun bolehkah skali saja ku menangis sebelum kembali membohongi diri ketika kau lelah berhentilah dulu beri ruang beri waktu mereka bilang syukurilah saja padahal rela tak semudah kata tak perlu khawatir ku hanya terluka terbiasa tuk pura-pura tertawa namun bolehkah skali saja ku menangis sebelum kembali membohongi diri ha ha ha-ah ha ha ha-ah ha ha ha-ah-oh kita hanyalah manusia yang terluka terbiasa tuk pura-pura tertawa namun bolehkah sekali saja ku menangis ku tak ingin lagi membohongi diri ku ingin belajar menerima diri,orang lain tidak akan peduli jika kamu depresi orang lain tidak akan mau tau jika kamu tertekan maka dari itu kamu harus sayang sama diri kamu sendiri karena mereka tidak akan mau tau apa yg sedang kamu alami dan baru saja kamu lewati kamu harus kuat bukan untuk orang lain tapi untuk diri kamu sendiri tetap tumbuh meski sering runtuh habis kena marah pekerjaan tidak di apresiasi pulang kejebak macet mana hujan dan denger lagu ini serasa pesan didalam lagunya tersampaikan terimakasih buat fiersa dan feby telah menulis lagu ini yang sudah mewakili perasaan kebanyakan anak indonesia i love you all di luar tertawa kencang di kamar sendirian menangis kencang tapi ngga ada suaranya ketahuilah canda tawaku hanyalah ilusi sungguh hidupku tida sebahagia itu aku hanya berusaha menyembunyikan hatiku yang sangat rapuh tidak usah bercerita kepada orang yang belum merasakannya karena apa yang kita ceritakan akan terlihat sederhana di matanya untuk siapapun yg lagi di fase fase tercape nya kamu untuk kamu seseorang yang mampu bertahan sampai di titik ini titik dimana semuanya terasa berat kamu harus tau ini kamu hebat loh uda bertahan sampai skrg kamu layak untuk bahagia ga sepantas nya kamu seperti ini lihat diri kamu kamu cape tapi kamu ga menyerah semua ini memang bukan kamu yang minta tapi emang kamu nya yang di takdirin untuk jadi manusia kuat kamu di suruh untuk bersyukur sayangg dengerin yaa kamu masi punya aku di dunia iniii kapan pun kamu butuh i will always be there for you promise semesta jahat ya untuk kamu maafin orang orang jahat yaa jangan jadiin mereka seperti diri kamu diri kamu yang di jadiin mereka second choice kamu pasti cape di jadiin second choice and di jadiin people pleaser coba sesekali kamu tolak permintaan orang lain aku tau kamu cape kamu ga sepantas nya untuk dijadikan seperti ini sama mereka kalo memang ga ya ngga kalo iya ya iyaa lakuin hal yang buat kamu nyaman aja kamu ga sepantas nya untuk di jadiin second karna kamu berhak buat nolak kamu berhak untuk bahagia kamu sempurna banyak yang sama kamuuu heyy masih banyak derajat nya yang lebih rendah dari kamuu kamu harus lebih bersyukur lagi sama kehidupan yang kamu alami meskipun ga menyenangkan seengganya bisa di jadiin pelajaran kan denger aku nii orang yang sayang sama kamu gabakal ngebiarin kamu nangis apalagi sampe ngemis youre enough kamu uda lebih dari cukup kamu layak untuk bahagia kalo emang hari ini lagi ga baik baik aja pasti besok hari mu bakal lebih baik untuk sekarang rasain aja dulu rasa sakit nya rasain aja dulu rasa ke-kecewaan nya nanti juga ada kalanya hari dimana kamu di cintai oleh semesta ada kalanya hari dimana kamu bahagia akan ada kalanya kamu ga ngerasain sakit seperti ini lagi mereka yang jahat jangan di balas jahat lagi ya hari pengadilan itu ada hukum alam itu adil tunggu waktunya orang itu tumbang dan merasakan rasa sakit yang lebih dari dari apa yang kamu rasakan gapapa semuanya bakal baik baik aja ada aku disini ingat kata ku tadi ya do what makes you comfortable sekarang bangkit lagi yu kita sembuhin luka ini sama sama terimakasih untuk segala usaha mu untuk tetap hidup di dunia yang bajingan ini kamu kuat kamu hebat kamu layak untuk bahagia ga sepantas nya kamu di perlakukan seperti ini memang terkadang kita ingin membalas perbuatan mereka lantas jika tuhan tida mengizinkan kita bisa apa kan aku sudah bilang jahat jangan di balas jahat lagi dont be sad belajar menerima semuanya tanpa tangis aku tau ga gampang but aku yakin kamu pasti bisa have a nice day
Bertaut,Nadin Amizah,bun hidup berjalan seperti bajingan seperti landak yang tak punya teman ia menggonggong bak suara hujan dan kau pangeranku mengambil peran bun kalau saat hancur ku disayang apalagi saat ku jadi juara saat tak tahu arah kau di sana menjadi gagah saat ku tak bisa sedikit kujelaskan tentangku dan kamu agar seisi dunia tahu keras kepalaku sama denganmu caraku marah caraku tersenyum seperti detak jantung yang bertaut nyawaku nyala karena denganmu aku masih ada sampai di sini melihatmu kuat setengah mati seperti detak jantung yang bertaut nyawaku nyala karena denganmu bun aku masih tak mengerti banyak hal semuanya berenang di kepala dan kau dan semua yang kau tahu tentangnya menjadi jawab saat ku bertanya sedikit kujelaskan tentangku dan kamu agar seisi dunia tahu keras kepalaku sama denganmu caraku marah caraku tersenyum seperti detak jantung yang bertaut nyawaku nyala karena denganmu aku masih ada sampai di sini melihatmu kuat setengah mati seperti detak jantung yang bertaut nyawaku nyala karena denganmu semoga lama hidupmu di sini melihatku berjuang sampai akhir seperti detak jantung yang bertaut nyawaku nyala karena denganmu,kamu boleh jadi liar dan tak terkalahkan diluar sana namun kamu tetaplah seorang anak kecil yg manis di mata ibumu darinyalah kamu belajar berjalan maka jangan pernah meninggalkannya meski kamu sudah pandai berlari dulu sebelum ibu saya berpulang saya suka sekali mendengarkan lagu ini bersama beliau dan saya ketik ini menggunakan hp dan akunnya yang kerap beliau gunakan untuk menonton tutorial merajut bulan lalu ibu saya berpulang setelah berjuang melawan penyakitnya semoga mama bahagia disana ya i love you mama ibuku saat ini sedang koma di icu beliau adalah ibu ku yg hebat aku sangat sayang dengan beliau mau aku ucapkan terima kasih sudah rawat membesarkan dan memberikan pendidikan yg tinggi untuk aku padahal aku blm kasih apa-apa ke beliau semoga pahala yg paling banyak untuk beliau dan semoga beliau segera sadar dari sakit nya ibuku saat ini sedang koma di icu beliau adalah ibu ku yg hebat aku sangat sayang dengan beliau mau aku ucapkan terima kasih sudah rawat membesarkan dan memberikan pendidikan yg tinggi untuk aku padahal aku blm kasih apa-apa ke beliau semoga pahala yg paling banyak untuk beliau dan semoga beliau segera sadar dari sakit nya selamat hari ibu untuk kita semua yang sudah ditinggal lebih dulu oleh beliau aku tau hidup jadi terasa jadi lebih berat dan sulit setelah kepergian beliau tapi yang perlu diingat adalah pesan dari beliau bawa dan pegang erat pesan dari beliau sampe kita jadi ibu juga sampe kita jadi sosok ibu seperti yang kita inginkan yang lembut dan kuat seperti ibu kita bahkan lebih semangat semuanya sudah pasti menangis ujungnya ibuku yang berjuang sendirian membesarkan ketiga anaknya tanpa pamrih tanpa mengeluh menjadi sosok ibu dan ayah dalam bersamaan menjadi sosok yang luar biasa hebatnya terima kasih kak nadin sudah membuat lagu yang indah ini seorang ibu rela melakukan apapun untuk anak anaknya aku bangga dilahirkan oleh seorang ibu yang hatinya begitu tulus dan bahunya begitu kuat untuk membahagiakan anak anaknya semoga aku selalu bisa menjaga surgaku i love you mom dari banyaknya keindahan didunia ini tidak ada yang mengalahkan keindahan seorang ibu yang bangga terhadap anaknya bukan harta yg mampu membuat orang tuamu bahagia tetapi budi pekerti yg selalu engkau ciptakan yg akan membuat orang tuamu merasa bangga selama kamu masih bisa melihat ibumu tersenyum tenang duniamu masih baik baik saja nadin di usiaku tahun aku kehilangan ayahku saat usiaku th aku kehilangan ibuku saat kehilangan ayah memoriku tidak terlalu banyak tentangnya namun saat kehilangan ibu dunia seakan berhenti apalagi di hari terakhirnya ibuku bertanya apakah aku bisa sendiri kalau dia tidak ada aku kehilangan teman saat ribut kecil dirumah sahabat cerita keluh kesah dan rumah untuk aku pulang kenangan selama th aku hidup sama ibu rumah terasa hampa hati dan jiwaku bahkan kosong berjuang dan bertahan agar tak salah langkah untuk proses pendewasaan namun aku tidak benci tuhan aku hanya rindu kamu ibu bu jangan bosan bernafas aku belum siap kehilangan alasan hidup bertahun di perantauan tapi kasih sayang mama takkan pernah hilang doa-doa mama takkan pernah putus dari awal aku memulai pendidikan terbaik sampai mendapat pekerjaan terbaik itu semua berkat doa dan support mama lagu yang selalu aku dengar di kosan sehat selalu buat mama
Rumah Ke Rumah,Hindia,menyesal tak kusampaikan cinta monyetku ke kanya dan rebecca apa kabar kalian di sana semoga hidup baik-baik saja tak belajar terkena getahnya saat bersama thanya dan saphira kupercaya mungkin bukan jalannya namun kalian banyak salah juga jika dahulu ku tak cepat berubah ini maafku untukmu sharfina segala doa yang baik adanya untukmu dan mimpimu yang mulia pindah berkala rumah ke rumah berharap bisa berujung indah walau akhirnya harus berpisah trima kasih karna ku tak mudah pindah berkala rumah ke rumah berharap bisa berujung indah walau akhirnya harus berpisah trima kasih karna ku tak mudah hm maaf jika ku sering buat susah indisya panda anggra caca sismita prempuan terkuat dalam hidupku terjanglah apa pun yang kalian tuju kau datang saat gelapku merekah seluruh hatiku untukmu meidiana kau pantas dapatkan yang baik di dunia smoga kita bertahan lama pindah berkala rumah ke rumah mengambil pelajaran jika berpisah jikalau suatu saat berujung indah catat nama kita dalam sejarah pindah berkala rumah ke rumah mengambil pelajaran jika berpisah jikalau suatu saat berujung indah catat nama kita dalam sejarah letih mengembara rumah ke rumah kadang ku lupa akanmu amalia siap sedia tiap ku bercerita ku beruntung jadi anakmu bunda pindah berkala rumah ke rumah selalu pada dirimu aku berserah jika aku disebut dalam sejarah mreka takkan lupa karna siapa pindah berkala rumah ke rumah selalu pada dirimu aku berserah jika aku disebut dalam sejarah mreka takkan lupa karna siapa,fakta semakin kita dewasa lama kita tidak hanya akan menyukai lagu hanya karena melodinya yang indah tetapi juga karena lirik yang terkandung dalam lagunya kalo yang saya tangkap dari lagu ini secara harfiah lagu ini menceritakan tentang seseorang yang telah banyak berpindah dari hati ke hati atau dengan kata lain sering mengalami masalah percintaan putus nyambung dengan pacar sisa kenangan dengan mantan hingga cinta monyet dengan perempuan-perempuan di sekitarnya namun walau begitu ia tidak mengeluh dengan banyaknya kenangan-kenangan serta pengalamannya yang mungkin kurang menyenangkan tetapi dia menganggapnya sebagai pengalaman berpindah dari rumah ke rumah yang akan mendewasakan dan membuatnya mampu menjalani hidup dengan lebih baik melalui pengalaman yang dimilikinya meskipun lagu ini memang mungkin bercerita tentang relasi hubungan percintaan seperti halnya yang di music videonya lagu ini bisa juga dimaknai secara universal sebagai pesan bagi kita semua yaitu bahwa hidup memang adalah petualangan dari rumah ke rumah untuk belajar menjadi semakin baik dan dewasa serta bertumbuh dari setiap pengalaman kisah hidup dan kekecewaan yang akan membentuk kita menjadi semakin baik dalam mental karakter dan lain lain seperti yang tertulis di liriknya catat nama kita dalam sejarah biarlah sejarah hidup kita mencatat bahwa pengalaman-pengalaman hidup patah tumbuh dan sebagainya tidak akan menjatuhkan kita melainkan membuat kita semakin naik level dalam mengembangkan diri sendiri umah tidak selalu menjadi tempat yang nyaman namun rumah akan selalu menjadi tempat terbaik untuk kamu kembali siapapun pernah menjadi rumah tempat yang dapat membuat nyaman ; tenang di kala raga dan jiwa sedang tak baik-baik saja terima kasih orang-orang baik yang selalu memberikan dirinya menjadi rumah ; telinga yang dapat mendengarkan cerita bahu yang dapat memberikan tempat ternyaman hati yang dapat memberikan ketenangan kalian tau apa yg tidak dapat dihindari di dunia ini yaitu kenyataan tak ada yang abadi semua hanyalah ilusi harapan yang ia berikan hanyalah sebatas bayangan yang tak akan pernah kau temui tak ada yang abadi semua hanyalah ilusi harapan yang ia berikan hanyalah sebatas bayangan yang tak akan pernah kau temui buat kalian yg down sama kehidupan lu tetep semangat yah lihatlah orang tau lu dia rela rawat lu dari kecil sampai dewasa dengan susah payah dan gak mau lihat lu sedih kasian ortu lu udh berjuang mati matian demi lu jadi jangan sampe down gara gara masalah duniawi atau cinta nikmatin prosesnya alurnya yakinlah semesta berkerja untukmu ibadah jangan tinggalkan bilang kamu ingin senang dari sini bisa lihat kalau manusia itu bertumbuh berkembang kenal sama dirinya sendiri memanusiakan dirinya sendiri dan orang lain dan berdamai dengan diri sendir
Secukupnya,Hindia,kapan terakhir kali kamu dapat tertidur tenang renggang tak perlu memikirkan tentang apa yang akan datang di esok hari tubuh yang berpatah hati bergantung pada gaji berlomba jadi asri mengais validasi dan akupun terhadir seakan paling mahir menenangkan dirimu yang merasa terpinggirkan dunia tak pernah adil kita semua gagal angkat minumanmu bersedih bersama-sama aa-aa-aa-aa- aa sia- sia pada akhirnya putus asa terekam pedih semua masalahnya lebih dari yang secukupnya rekam gambar dirimu yang terabadikan bertahun silam putra putri sakit hati ayah ibu sendiri komitmen lama mati hubungan yang menyepi wisata masa lalu kau hanya merindu mencari pelarian dari pengabdian yang terbakar sirna mengapur berdebu kita semua gagal ambil sedikit tisu bersedihlah secukupnya aa- aa- aa- aa- aa secukupnya kan masih ada penggantinya belum waktunya kau bisa menjawabnya aa- aa-aa- aa-aa secukupnya semua yang sirna kan kembali lagi semua yang sirna kan nanti terganti,buat kalian yang lagi berada difase merasa ga guna selalu salah dengan apa yang diperbuat butuh sesuatu tapi gapernah tercapai ga punya teman yang sefrekuensi bosan dgn segala hal kalian semangat soalnya kalian ga sendirian banyak yang bilang menjadi anak pertama itu gampang tapi menurut gue anak pertama itu adalah sosok ke dari ayah gue ngerasain apa yang dirasain oleh angkasa dimana mimpi lo bisa terwujud tiba tiba terberhenti dimana kisah cinta akan terjadi disitu terhenti kadang ketidak adilan anak ke lebih besar daripada ketidakadilan anak yang lain kehilangan ibu dihianati istri menjadi tulang punggung untuk masa depan anak-anak gw saat mulai terpuruk ketemu lagu ini gw pikir urat nadi gw yg hampir putus tiba tersambung tanpa disadari gw gak sendiri kalian yg sudah melalui ini gw cuma bisa berkata hebat anak tengah yang lebih memilih memendam semua suka dukanya sendiri terlihat cuek dan tak perduli sekitar sangat teguh pendirian membenci keramaian memilih memikul semua beban sendiri tanpa mereka tau diam diam ia sudah menyusun rapi setiap mimpi ia hanya butuh waktu untuk mewujudkannya bukan hanya dengan kata kata ia sangat ambisius keras kepala teguh pendirian tak akan banyak bicara jika tak ditanya sampai akhirnya ia mampu membuat orang orang disekitarnya terdiam dengan pencapaiannya hanya tentang waktu ya seperti aurora yang lebih memilih diam saat di rumah namun mampu membuktikan jika ia mampu buat kalian para pelajar yang lagi bosan dengan daring capek dengan tugas yang menumpuk pengen refreshing keluar semangat yaa! semoga wabah ini cepat berakhir kalo lu ngerasa tuhan ga adil lu salah dia ngasih beban itu ke lu karena dia tau lu orang paling istimewa dari banyaknya org yg hidup bahagia dan lu di kasih hidup yang rusak ada banyak alasan kenapa lu di kasih beban itu karena lu kuat lu istimewa tuhan tau lu bisa ngelewatin itu makanya dia ngasih beban itu ke lu yang nantinya disana tuhan akan ganti semua tangis lu jadi kebahagiaan selamanya yang ga pernah lu rasain disini lagu ini menjelaskan bahwa masalah percintaan hanya masalah sepele bagi sebagian orang tergantung dari sudut pandang masing-masing dan gak ada apa-apanya dibanding problematika hidup yang selama ini manusia rasakan
Evaluasi,Hindia,yang tak bisa terobati biarlah mengering sendiri menghias tubuh dan yang mengevaluasi ragamu hanya kau sendiri mereka tak mampu melewati yang telah kau lewati tiap berganti hari rintangan yang kau hadapi masalah yang mengeruh ho perasaan yang rapuh ini belum separuhnya biasa saja kamu tak apa yang selalu ingin ambil peran hanya berlomba menjadi lebih sedih dari dirimu muak dikesampingkan disamakan hatimu terluka sempurna masalah yang mengeruh ho perasaan yang rapuh ini belum separuhnya biasa saja kamu tak apa perjalanan yang jauh kau bangun untuk bertaruh hari belum selesai biasa saja kamu tak apa bilas muka gosok gigi evaluasi tidur sejenak menemui esok pagi walau pedihku bersamamu kali ini ku masih ingin melihatmu esok hari bilas muka gosok gigi evaluasi tidur sejenak menemui esok pagi walau pedihku bersamamu kali ini ku masih ingin melihatmu esok hari bilas muka gosok gigi evaluasi tidur sejenak menemui esok pagi walau pedihku bersamamu kali ini ku masih ingin melihatmu esok hari,semakin kesini semakin ngerti suatu makna bahwa yang menang harus diapresiasi yang kalah dievaluasi jangan bercerita ke orang yang belum merasakan nya karena apa yang kamu ceritakan akan sederhana di matanya ketika sedang ada masalah selain berbicara pada sang pencipta melalui sujud dan doa kembali pada laman video ini sudah menjadi kebiasaan bagi saya kalimat biasa saja kamu tak apa seolah mampu mengajak diri untuk bangkit kembali setelah dulu waktu kelas sering putar lagu hindia buat nemenin begadang nugas sambil sesekali merenung paling favorit lagu ini sekarang udah mau lulus dan hindia masih menjadi sahabat dikala sedang dihadapkan dengan pilihan masa depan terlebih dengan tantangan peristiwa dan waktu yang seperti ini tujuan tuhan mungkin menginginkan kita untuk evaluasi dan berubah menjadi lebih baik ini belum separuhnya biasa saja kamu tak apa sederet kalimat yang pegang dan aku pakai untuk bangkit dan menantang masalah yang di depan mata lagi tahun hidup dan tahun ini yang paling beda dengan tahun sebelumnya karena banyak kejadian tidak terduga semoga kita bertemu lagi di tahun depan dengan perasaan baru dan suasaana baru berkat lagu ini jadi ngerti kapan harus berhenti untuk menunda ambisi ngerasa aneh sih sama orang-orang yang ga bisa memahami lagu bagus kaya gini ini bukan hanya lagu tapi terapi buat kamu sehat selalu bas terimakasih sudah memberikan karya yang epik di saat kerjaan di kantor lagi ga bener berantakan kacau cuma lagu ini yang bisa bangkitin semangat ya mau gimana lagi emang udah resiko kalo kerjaan ancur ya pasti atasan ngomel hahaha makasih lagunya bang udah bisa mewakili perasaan saya saat ini di saat kerjaan di kantor lagi ga bener berantakan kacau cuma lagu ini yang bisa bangkitin semangat ya mau gimana lagi emang udah resiko kalo kerjaan ancur ya pasti atasan ngomel hahaha makasih lagunya bang udah bisa mewakili perasaan saya saat ini lagi pusing banget ngurusin skripsi di pandemi gini hampir tiap malem nangis mikir bakal bisa apa ga ngelewatinnya bakal kuat apa ga tp gaboleh ngeremehin kemampuan diri sendiri makasih om bas lagunya selalu buat bangkitin diri sendirimulai dari friendless ngerasa kesepian temen temen punya temen baru ada yang sibuk sendiri kata kata jarang tertukar semuanya gue rasain pada saat quarantine karena pandemi corona ini rasanya kayak capek dan nangis terus-terusan karena kok nggak ada yang peduli sama gue ya tapi afterall semuanya jadi seperti biasa lagi dengan hadirnya orang-orang baru dihidup gue and bas thankyou for saving my life again semua lirik dan nada yang berhasil lo ciptain membuat stress gue lumayan berkurang dan yang pasti buat temen temen walau gue pedih bersama kalian kali ini gue masih pengen ketemu kalian esok hari banyak banget cerita yang udah gw lewatin dengan lagu ini dimulai dari kesendirian dan rasa kesepian yang gw punya setelah bokap pergi buat selamanya disakitin oleh orang yang gw sayang banget kehilangan jati diri dan semangat untuk jalanin kehidupan tapi gw selalu berkaca sama kaka kaka gw yang gagal dalam kehidupannya setiap pagi berangkat kerja pasti gw selalu play lagu ini di hp gw lagu ini bikin gw sadar setiap paginya bakal ada banyak rintangan rintangan yang ga perna kita duga sebelumnya dan mau gamau suka gasuka lu harus bisa ngelewatinnya buat lu semua yang mungkin sedang difase yang menurut lo serba salah tenang aja semua ada masanya kawan lo gaharus jadi orang lain buat dicintai orang banyak ko jadi diri lo sendiri aja semangat terus buat jalanin semua cobaannya yaa semua pertanyaan lo tenaga yang udah lo keluarin air mata yang udah lo tetesin setiap malam bakal ada jawabannya nanti ko siapapun lo yang baca komentar gw gw sayang bgt sama lo semangat!!! ketika problem datang selalu nyempatin kesini biar tetep sadar dan ga tenggelam sama masalah makasih lagunya keren gw gagal sbmptn dan simak ui gw memutuskan untuk gapyear lagu ini membantu naikin semangat gw untuk ngejer mimpi-mimpi gw membantu bangettttt thankyouu mas bas yang senasib dengan gw semangat yaaa aku bingung bilangnya bingung ceritanya bingung harus gimana tapi ini healing untuk diri aku sendiri t
Membasuh,Hindia,selama ini kunanti yang kuberikan datang berbalik tak kunjung pulang apa pun yang terbilang di daftar pamrihku seorang telah kusadar hidup bukanlah perihal mengambil yang kau tebar sedikit air yang kupunya milikmu juga bersama bisakah kita tetap memberi walau tak suci bisakah terus mengobati walau membiru cukup besar tuk mengampuni tuk mengasihi tanpa memperhitungkan masa yang lalu walau kering bisakah kita tetap membasuh kita bergerak dan bersuara berjalan jauh tumbuh bersama sempatkan pulang ke beranda tuk mencatat hidup dan harganya bisakah kita tetap memberi walau tak suci bisakah terus mengobati walau membiru cukup besar tuk mengampuni tuk mengasihi tanpa memperhitungkan masa yang lalu walau kering bisakah kita tetap membasuh mengering sumurku terisi kembali kutemukan makna hidupku disini mengering sumurku terisi kembali kutemukan makna hidupku di sini bisakah kita tetap memberi walau tak suci bisakah terus mengobati walau membiru cukup besar tuk mengampuni tuk mengasihi tanpa memperhitungkan masa yang lalu walau kering bisakah kita tetap membasuh membasuh mengering sumurku terisi kembali kutemukan makna hidupku di sini mengering sumurku terisi kembali kutemukan makna hidupku di sini mengering sumurku terisi kembali kutemukan makna hidupku di sini mengering sumurku terisi kembali kutemukan makna hidupku di sini,lagu ini jadi memory paling bikin gue bangga sama diri sendiri karna harus menguruhkan diri buat ga ambil kuliah dulu karna keterbatasan ekonomi orang tua tapi gue bener bangga sama diri gue sendiri di umur tahun sudah merintis usaha sendiri montang manting kerja di mana dan punya penghasilan sendiri buat kalian yang selalu baik ke orang meskipun balesannya nihil atau bahkan dijadikan sepah sering membantu dan mengorbankan diri kalian sendiri demi orang lain ga semua orang bisa menang melawan egonya dan kalian menang bahkan melawan diri kalian sendiri kalian hebat lagu yg mengajarkan lakukanlah sesuatu dengan ihklas/tanpa pamrih tak mengharap imbalan rezeki yg kita miliki adalah milik orang lain juga yg dititipkan ke kita manusia harus saling peduli satu sama lain dari lagu ini gua sadar semua yang gua lakukan ke orang orang ga pernah berbalik ke diri gua sendiri sedikit demi sedikit akhirnya gua paham jika hidup ini hanya opini yang harus disikapi dengan damai lagu ini selalu jadi obat penenang bagi gue ketika capek pikir ngerjain disertasi dan capek batin ngadepin pembimbing yang moodswing masih jadi favorit hingga saat ini setiap lihat dan dengar membasuh rasanya masih pengen nangis sejauh ini gaada yang bisa gantiin membasuh diputar berapa kali pun ngga akan pernah bosen makna dibalik lagu ini selalu jadi reminder buat aku jadi orang yang lebih baik ngga berbalas pun gapapa berbuat baik tanpa balasan pun juga tetap berbuat baik makasih ka baskara teruntuk diri sendiri maafin aku yaa kalo sdh terlalu keras sekarang kita sama-sama melangkah yuk bisa kok bunga aja perlu waktu utk mekar pohon yang hampir mati karna terendam air aja bisa tumbuh lagi malah berbunga cantik begitu jg diri ini perlahan nikmatin prosesnya tahun sejak pertamakali denger lagu ini yang udah ngerubah cara pandang gw tentang menebar kebaikan dengan ikhlas temenin hari gw sampe sekarang hingga nanti perasaan cinta gw dengan lagu ini ga akan pernah hilang makasih banyak baskara bener bener lagu yang luar biasa sekarang keadaan terpuruk sepuruk puruknya tiada kawan cerita karena mereka juga kecewa terkadang ngobrol sama dinding kamar diketawain guling di tololin sama jendela kamar cerita hidup memang rumit hanya perlu mencari makna yg sudah terjadi menyerah tidak jangan menyerah semangat!
L,Hal,sungguh tak terasa sudah tujuh tahun rotasi waktu hidupku binar mata yang membiru hari-hari yang lesu aku menunggu kamu selalu aku lihat belakang punggungmu di saat kau lihat belakang punggung pria lain menunggu kau menoleh dan berlari ke arahku dan memelukku seerat-eratnya sudah aku coba untuk menghapusmu naifku hanya jelaka dirindu pada siapa ku masih merasakannya kamu masih penyebabnya selalu aku lihat belakang punggungmu di saat kau lihat belakang punggung pria lain menunggu kau menoleh dan berlari ke arahku dan memelukku seerat-eratnya mencoba berdamai dengan diriku tapi kau selalu tahu itu bagaimana mungkin ketika kau masih jadi satu-satunya alasanku menunggu di lini waktuku sungguh tak terasa sudah tujuh tahun habiskan masa mudaku hanya untuk membuatmu terkesan kepadaku begitu bodohnya aku,sudah terlalu banyak senja yang ku lewati tapi aku masih mengharapkan mu untuk kembali lagu yang bikin aku inget sama dia dari pertama ngecrushin diaâ€¦ selalu ku edit pake lagu ini tapi sekarang dia jadian sama temen ku jika kalian tidak bisa mengejar maka buatlah dikejar kenapa di kehidupan yang cuma satu kali ini saya nggak sama dia mencintai mu adalah pilihan ku namun melihatmu bahagia dengan dia adalah putusan ku tugas ku hanya mencintaimu urusan kau mengabaikan ku itu bagian dari resiko aku kesini karna kangen mantan aku dulu hhe dia yg ngerekomdasiin lagu ini dan sampe sekarang aku pergi dari hidupnya tanpa pamit sampe aku besok minggu nikah jahat banget aku kenapa masih betah menyimpan yang tak mungkin bisa kamu pertahankan menjaga yang sebenarnya sudah ada yang punya bukankah sia-sia belaka pada akhirnya pahit juga akhirnya andai kalau saja aku bisa bisa meminta kepada tuhan aku tidak ingin dia kembali lagi tuhan tapi ijinkan seseorang yang sama sepertinya hadir lagi kelak suatu saat nanti kebodohan yang mungkin tak akan terulang pada orang waktu dan tempat yang sama sadar pada akhirnya akan tersakiti tapi hati menolak pergi menunggu tuhan merobek takdirmu untuk orang lain dan kembali menuliskan takdirmu untukku kebodohan yang mungkin tak akan terulang pada orang waktu dan tempat yang sama sadar pada akhirnya akan tersakiti tapi hati menolak pergi menunggu tuhan merobek takdirmu untuk orang lain dan kembali menuliskan takdirmu untukku
Lantas,Juicy Luicy,lima hari sudah kurindu tak bisa kumenghubungimu kau sedang dengan dirinya sedang kita rahasia kapankah kau ada waktu sembunyi untuk bertemu baru kau sapa ku tersipu kau puji lupa amarahku karena kau paling tahu cara lemahkan hatiku walau tak ada yang pasti yang kau beri hanya mimpi lantas mengapa ku masih menaruh hati padahal ku tau kau tlah terikat janji keliru ataukah bukan tak tau lupakanmu tapi aku tak mau baru kau sapa ku tersipu kau puji lupa amarahku karena kau paling tahu cara lemahkan hatiku walau tak ada yang pasti yang kau beri hanya mimpi lantas mengapa ku masih menaruh hati padahal ku tau kau tlah terikat janji keliru ataukah bukan tak tau lupakanmu tapi aku tak mau pantaskah aku menyimpan rasa cemburu padahal bukan aku yang memilikimu sanggup sampai kapankah ku tak tau akankah akal sehat menyadarkanku lantas mengapa ku masih menaruh hati lantas mengapa ku masih menaruh hati padahal ku tau kau tlah terikat janji keliru ataukah bukan tak tau lupakanmu tapi aku tak mau pantaskah aku menyimpan rasa cemburu padahal bukan aku yang memilikimu sanggup sampai kapankah ku tak tau akankah akal sehat menyadarkanku,percayalah dia akan merindukanmu disaat dia gagal mencari penggantimu dipaksa mundur oleh logika namun dipaksa bertahan oleh perasaan pokoknya lu ga boleh gagal buat kali ini lu harus hidup lu harus bahagia dengan siapapun itu lu kudu happy ya berhentilah menyeberangi lautan untuk orang yang bahkan tak mau melompati genangan air untukmu cinta memang layak diperjuangkan tapi menjadi tak layak jika kamu yang berjuang sendirian dan sekarang kamu hanyalah orang asing yang tahu segala rahasia-rahasiaku kadang lebih baik meninggalkan mantanmu di masa lalu daripada membawa kesalahan yang sama untuk masa depanmu kamu dulu segalanya untukku tapi sekarang kamu hilang dari hidupku memang begitulah hidup kamu tak perlu mengatakan apa yang telah kamu lakukan aku sudah tahu aku tahu darinya sekarang tidak ada lagi kesempatan bagiku dan dirimu tak akan pernah ada lebih baik kita usai di sini sebelum cerita indah tergantikan pahitnya sakit hati memang sakit untuk melepaskan tapi akan lebih sakit lagi jika terus bertahan salah satu alasan seseorang sulit temukan bahagia adalah karena mereka selalu melihat masa lalu lebih baik dari pada saat ini tak perlu merasa cemburu saat melihat mantan pacarmu bersama orang lain karena orang tua kita mengajarkan untuk memberikan mainan yang sudah tidak terpakai ke orang yang kurang beruntung terkadang kamu harus melupakan apa yang kamu rasakan dan mengingat apa yang pantas kamu dapatkan putus karena selingkuh pasti sangat menyakitkan namun tak perlu bersedih terlalu lama kamu juga bisa menggunakan kata-kata sindiran sebagai berikut aku kasihan dengan gadis yang menjadi selingkuhan mantan pacarku dia tak tahu lelaki macam apa yang sedang dihadapinya aku pernah mempercayaimu tapi perkataanmu sekarang tak ada artinya bagiku karena perbuatanmu sudah menunjukkan kebenarannya selingkuh dan berbohong bukanlah ujian dua hal itu adalah alasan untuk putus berselingkuh adalah hal paling egois yang bisa dilakukan oleh seseorang pada orang lain jika kamu tidak bahagia dengan hubungan cintamu akhiri saja sebelum memulai jalinan asmara yang baru jangan datang hanya untuk singgah apalagi berselingkuh setelahnya lebih baik kamu pergi saja kalau berbohong dan berselingkuh adalah sebuah pekerjaan kamu pasti sudah menjadi jutawan selingkuh itu gampang cobalah lakukan sesuatu yang lebih menantang seperti setia kamu tidak hanya selingkuh dariku kamu mencurangi hubungan kita kamu tidak hanya mematahkan hatiku kamu menghancurkan masa depan kita selingkuh itu tanda bahwa kamu tidak siap menjalin hubungan jadi sudahi saja hei ayo sadar diri kamu ini hanya pelepas bosan yang tersembunyi kamu hanya tempat singgah yang tak ada sungguh lantas mengapa kamu masih menaruh hati ayolah jangan terlalu naif biasakanlah diri dengan harapan yang dibiarkan terbang tinggi ditarik turun lalu dikubur dalam dalam ke bumi kata cinta yang terucap darinya untuk kamu itu fana masih berharap bahwa ia akan menjadi nyata menaruh hati yang paling menyakitkan adalah menaruh hati pada seseorang yang friendly atau humble ke semua orang mengenalmu secara tidak sengaja mencintaimu secara tiba tiba melupakanmu secara terpaksa
Yang Terbaik Bagimu,Ada Band,teringat masa kecilku kau peluk dan kau manja indahnya saat itu buatku melambung disisimu terngiang hangat napas segar harum tubuhmu kau tuturkan segala mimpi-mimpi serta harapanmu kau inginku menjadi yang terbaik bagimu patuhi perintahmu jauhkan godaan yang mungkin ku lakukan dalam waktu ku beranjak dewasa jangan sampai membuatku terbelenggu jatuh dan terinjak tuhan tolonglah sampaikan sejuta sayangku untuknya ku terus berjanji tak kan khianati pintanya ayah dengarlah betapa sesungguhnya ku mencintaimu kan ku buktikan ku mampu penuhi semua maumu andaikan detik itu kan bergulir kembali ku rindukan suasana basuh jiwaku membahagiakan aku yang haus akan kasih dan sayangmu tuk wujudkan segala sesuatu yang pernah terlewati,patah hati terbesar seorang anak ketika orang tua kita semakin tua dan kita belum jadi apa-apa tiap kangen sama almarhum ayah dengerin lagu ini sambil nangis sesegukan ayah meninggal ibu meninggal sekarang jadi yatim piatu hidup sendirian mengejar semua mimpi-mimpi dan cita-cita ini sendiri jika jatuh dan gagal dalam mencapai smua mimpi dan cita-cita ini hanya bisa bercerita dalam doa ayah ibu aku gagal mencapai tujuan ku tapi aku ga menyerah selagi aku masih bisa bernafas terima kasih telah melahirkan aku ke dunia ini ayah dan ibu saat waktu kecil hanya mendengarkan saja lagu ini namun beranjak dewasa tau arti dan makna dari isi lagu ini thank you kalo lu gak nangis denger ni lagu mungkin lu sedang berbohong dengan hati lu sendiri setelah nikah jadi mellow banget kalau denger lagu ini benar inget masa kecil saat ayah lah satunya tempat ternyaman bagi putrinya dan kini digantikan oleh suami semoga ayah kita semua panjang umur ayah masih ada tapi beliau bertugas di luar negeri tidak terasa menetes air mata mendengar lagu ini walau ayah udah gak ada kadang dengar lagu ini bisa menetes kan air mata sendiri ayah cinta prtama skaligus patah hati terberat dalam hidup sehat selalu ayah beruntung kalian dibesarkan oleh sosok seorang ayah yg sayang dengan kalian cinta dan membesarkan kalian dengan penuh kasih sayang tapi tidak dengan saya kalau dengar lagu ini saya byngkan nenek saya yg membesarkan saya layakny ibu dan ayah karna saya dr kluarga broken home dulu denger lagu ini biasa enak enak aja tapi sekarang pas kehilangan seorang ayah berkaca terus mata denger lagu ini kesedihan terbesar seorang anak saat masih berjuang ayah adalah pemberi semangat pendorong pelindung dan ketika saat sudah berhasil ayah telah lebih dahulu menghadap tuhan
Huta Namartuai,Viky Sianipar Ft. Ogar Nababan,di parbissar mataniari hehe au sian podoman i mangullus ma alogo da sian dolok i tung hohom rohakku huida dakdanak i mardalan tu sikkola i huingot tikkina ujui diparborhat au tu parjalanganki di huta na martua i tongtong lao tu si ma rohakki na di topi tao i siingotonki uju haheteonki di tikki borngin i poltak ma bulan tua i marmeam meam ma akka dakdanak i marendei ma au disi rap dohot donganki di huta na martua i tongtong lao tu si ma rohakki na di topi tao i siingotonki uju haheteonki di huta na martua i tongtong lao tu si ma rohakki na di topi tao i siingotonki uju haheteonki di huta na martua i tongtong lao tu si ma rohakki na di topi tao i siingotonki uju haheteonki,tapi dengar lagu ini sumpah keren banget semuanya di kemas secara simple tapi cerita san alurnya bagus banget ada tawa sedih pesan motivasi melihat budaya batak melihat toba dan membuat emosi penontonnya dapat banget terharu aku liat untuk anak dirumah apapun untuk anak ga mikirin diri sendiri terharu aku liat untuk anak dirumah apapun untuk anak ga mikirin diri sendiri menggambarkan semua perasaan ya rindu teramat dalam ke kampung halaman ya sakit hati krn sudah ga punya orangtua rasa sayang yg besar ke keluarga besar ya bangga rasa semangat untuk terus memperbaiki diri rasa terimakasih karena semua baik baik saja campur aduk menit kurang lebih aku merasa jadi manusia bahagia dari yg paling bahagia krn lagu ini membuat rindu pulang kampung dan sangat relate dengan kehidupan perantau gak tau kenapa kalau ingat kampung selalu kepintas lagu ini dan pasti air mata jatuh dengan sendirinya gak tau kenapa kalau ingat kampung selalu kepintas lagu ini dan pasti air mata jatuh dengan sendirinya
JIWA YANG BERSEDIH,GHEA INDRAWARI,menangislah singgah dulu sebentar perjalananmu jauh tak ada tempat berteduh menangislah kan kau juga manusia mana ada yang bisa berlarut â€“ larut berpura â€“ pura sempurna sampaikan pada jiwa yang bersedih begitu dingin dunia yang kau huni jika tak ada tempatmu kembali bawa lukamu biar aku obati tidak kah letih kakimu berlari ada hal yang tak mereka mengerti beri waktu tuk bersandar sebentar selama ini kau hebat hanya kau tak didengar menangislah kan kau juga manusia mana ada yang bisa berlarut â€“ larut berpura â€“ pura sempurna sampaikan pada jiwa yang bersedih begitu dingin dunia yang kau huni jika tak ada tempatmu kembali bawa lukamu biar aku obati tidak kah letih kakimu berlari ada hal yang tak mereka mengerti beri waktu tuk bersandar sebentar selama ini kau hebat hanya kau tak didengar sampaikan pada jiwa yang bersedih begitu dingin dunia yang kau huni jika tak ada tempatmu kembali bawa lukamu biar aku obati tidak kah letih kakimu berlari ada hal yang tak mereka mengerti beri waktu tuk bersandar sebentar selama ini kau hebat hanya kau tak didengar selama ini kau hebat kau pasti kan didengar,untuk orang-orang yang sudah berusaha namun gagal orang-orang yang bersuara namun tak didengar untuk orang-orang yang harus tersenyum padahal jiwanya menangis singkat cerita selama september aku berjuang untuk tetap hidup karena suatu penyakit dan final nya awal oktober tubuh dan batin ini sudah berjuang dan berkata aku butuh penanganan yang secepat jika ingin bertahan dan pada tanggal oktober aku meminta bantuan dari pihak yang sudah menggap ku bagian keluarga mereka dan mereka membantu dengan lapang dada dan aku mulai beristirah di rumah keluarga terserbut aku di berikan kamar untuk beristirah dan ketenangan selagi aku menunggu teman seperjuangan ku yang berjuang bersama berberapa tahun ini di tanah rantau orang dan setelah dia mendengar kondisi ku dia memilih berhenti berkerja dan hari itu juga dia mulai merawat makanan kontrol obat dan mengabari keluarga ku tampa henti dan berusaha untuk tidak merepotkan keluarga yang memberi tumpangan setelah di bicarakan dengan keluarga dan kakak kakak ku mereka sepakat aku di beri waktu hari untuk pemulihan agar bisa bertahan dalam perjalanan yang cukup jauh dan lolos dari pemeriksaan bandara dan sahabatku juga ikut untuk merawat ku dan segala yang ku butuhkan pada hari terakhir sahabatku tidak istirahat untuk mempersiap koper ku dan dia karna dia juga ikut dan segala sesuatu yg di butuh kan di sana setelah perjalanan yang cukup jauh tampa ada halangan kami sampai dan di jemput oleh kakak ku kami di antarkan ke tempat khusus yg tenang untuk ku dan sahabatku yang memiliki akses kemana dengan mudah kendaraan ac dan semua kebutuhan kami sudah tersedia dan saya mulai di infuse pemberiaan supplements vit dan asupan teratur yg di pantau langsung oleh kakak dan sahabatku ini dan ini hari kedua ku dan masih berjuang harus pulih ini sepengal dari cerita hidup jika memang aku tidak mampu menaklukan dunia berati aku cukup membuat dunia kecil ku sendiri dan berbahagia di sana dan bersukur di berikan kesempatan kedua oleh tuhan bertapa mahal kesembuhan itu gw kuliah sambil ngojek buat bayar kos & ukt karna smtr ortu udh gabisa kasih kiriman karna dampak covid rasanya berat banget skripsian sambil kerja endingnya smtr ini gw blm kelar sampai dititik gw lelah banget karna harus byar ini itu akhirnya untuk nutupin rasa sedih ini ketika liat temen udh pada lulus udh nikah dan juga stigma lanang kok nangis gw lari ke alkohol setelah gw denger banyak orang yg suicide karna skripsi dll ditambah nih lagu akhirnya gw mikir kayanya gw cuma butuh cerita ke temen deket atau kalian para netizen dan kayanya cowok nangis dikit gpp kan yadoain gw supaya lulus semester ini yaa cape banget rasanya lagu nya berkat lagu ini dari yg diriku penuh stress dalam menjalani hidup dunia yg keras jadi terasa mendingan dan sampai melamun saat mendengarkan lagu ini dan menangis ini bukan lagu religius tapi lebih kepada sosok manusia yang sedang berusaha / bekerja keras untuk mencapai mimpinya lirik ada khayal yang mereka tak mengerti namun dipandang sebelah mata sekeras apapun dia berjuang dia tetap tidak mendapat pengakuan dr orang di sekitar lirik engkau hebat hanya kau tak di dengar padahal kaki sudah letih berlari lagu ini seperti menggambarkan karyawan teladan yg tidak kunjung mendapat promosi di pekerjaannya hanya karena dia kurang pintar untuk tampil atau guru yang mati matian bekerja keras namun hanya mendapat imbalan ala kadarnya tidak diapresiasi dan dihargai atau atlet / musisi yang sudah berusaha keras namun tidak ada yang melihat hasil mereka teruslah berusaha suatu saat mereka semua akan tau lirik engkau pasti kan di dengar
Resah Jadi Luka,Daun Jatuh,ku menemukanmu saat ku terjebak di situasi yang membuatku resah kau merangkulku di saat yang lain menindasku ingin rasanya aku selalu bersamamu tapi mengapa tiba-tiba seakan kau pergi melepas rangkulanmu dan berhenti melindungiku tanpa sebab mungkin alam semesta tak menerimanya dan waktu tak memberi kesempatannya tapi setidaknya kau telah merubahku dari resah menjadi luka ku menemukanmu saat aku terjatuh ke dalam ruang yang penuh kepahitan kau melindungiku di saat yang lain menyerangku ingin rasanya aku melihatmu di setiap langkahku tapi mengapa tiba-tiba seakan kau pergi melepas rangkulanmu dan berhenti melindungiku tanpa sebab mungkin alam semesta tak menerimanya dan waktu tak memberi kesempatannya tapi setidaknya kau telah merubahku dari resah menjadi luka ah namun aku akan tetap disini menunggu alam semesta menerima dan angin membawakan jawabannya karena detak jantung dan nadiku akan selalu merindukanmu,hai kamu terima kasih untuk waktu dan kesempatan selama tahun bulan bareng sama aku aku sadar aku bukanlah yang terbaik untuk kamu dan jujur sampai sekarang sulit buat ngelupain kamu ngelupain semua tentang kita walaupun aku tau kamu udah milik yang lain tapi aku tetap ada disini bakalan nungguin kamu walaupun aku sendiri udah tau jawabannya gimana iya aku bodoh banget kalo nungguin kamu tapi untuk menerima orang baru aku udah ga bisa lagi terimakasih yaaa tidak perlu hebat untuk memulai tapi memulailah untuk menjadi hebat ku kira obat rindu itu temu ternyata salah semakin kita bertemu semakin rindu lagu yang sampe kapan pun gua denger dimana lagu ini yg buat gua keinget sama seseorang karna lagu ini pas banget pertama kali gua denger yang dimana gua baru aja putus sama seseorang itu udah berjuang sampai kerja lembur kamu malah sibuk sama yang nganggur kisah kita hebat tak pernah debat tapi tamat tuhan selalu membawa kita ke tempat yang baik dan lebih baik lagi dan pada akhirnya kamu berada di tempat ini berarti tuhan sedang memegang kendali hidupmu ke tempat yang lebih baik tuhan selalu membawa kita ke tempat yang baik dan lebih baik lagi dan pada akhirnya kamu berada di tempat ini berarti tuhan sedang memegang kendali hidupmu ke tempat yang lebih baik jangan pernah meletakkan harapan ke dia setinggi langit sedangkan dia meletakkanmu serendah tanah bukan tentang siapa yang datang lebih dulu tapi tentang siapa yang sanggup bertahan sampai akhir yang bukan milik kita jangan terlalu berharap lebih kecewa dengan ekspektasi sendiri itu jauh lebih sakit
Terendap Laraku,Naff,resah jiwaku menepi mengingat semua yang terlewati saat kau masih ada di sisi mendekapku dalam hangatnya cintamu lambat sang waktu berganti endapkan laraku di sini coba tuk lupakan bayangan dirimu yang selalu saja memaksa tuk merindumu sekian lama aku mencoba menepikan diriku di redupnya hatiku letih menahan perih yang kurasakan walau kutahu kumasih mendambamu lambat sang waktu berganti endapkan laraku di sini coba tuk lupakan bayangan dirimu yang selalu saja memaksa tuk merindumu sekian lama aku mencoba menepikan diriku di redupnya hatiku letih menahan perih yang kurasakan walau kutahu kumasih mendambamu lihatlah aku di sini melawan getirnya takdirku sendiri tanpamu aku lemah dan tiada berarti sekian lama aku mencoba menepikan diriku di redupnya hatiku letih menahan perih yang kurasakan walau kutahu kumasih mendambamu sekian lama aku mencoba menepikan diriku di redupnya hatiku letih menahan perih yang kurasakan walau kutahu kumasih mendambamu,pernah memiliki mu adalah pengalaman terbaik bagiku namun melepasmu adalah penyesalan terbesar dalam hidupku pergi memang menyakitkan tapi bertahan bukan lah jawaban saat semua sudah tidak sejalan mengagumimu dari kejahuan membuat aku mengerti bahwa tidak semua bunga dapat kau petik untuk di bawa pulang banyak yang ingin di sampaikan oleh hati tetapi pikiran lebih memilih diam menunggu sampai kamu mencintaiku mungkin aku yg terlalu berharap sedangkan kamu tak pernah menyadari bahwa aku sangat mencintaimu akhirnya tersadar bahwa cinta tak harus selalu berbalas saat kau bhagia dengan yg lain aku pun ikut bahagia ternyata inilah arti cinta sejati merelakan dia bahagia dengan yang lain walau hati ini terluka merelakan bukan berarti menyerah tapi menyadari ada hal yang tidak bisa di paksakan bahagia dalam mencintai tidak selalu tentang memiliki namun melihat senyuman indahmu dan terus ada disampingmu juga termasuk dalam bahagia capkan terima kasih pada dirimu yang selama ini telah berjuang untuknya tapi kali ini berjuanglah untukmu sendiri lepaskan apa yang membebanimu dan mulai menerima segala kebaikan dan kebahagiaan yang akan datang kepadamu level tertinggi mencintai adalah mengikhlaskan pasangan kita bahagia dengan orang lain level kebohongan tertingi adalah kalimat yg baru saja saya lontarkan resah jiwaku mengingat semua yg kita lewati takan lelah jiwaku takan perih batin ku ini bila kau masih bersama ku lihatlah aku disini melawan getirnya takdirku sendiri ku harap engkau masih ingat janji yang pernah sama sama kita ucapkan dia tak sepenuhnya mencitaimu dia hanya menghargai perasaanmu carilah kebahagiaanmu apapun yang kau mau karena bagiku bahagiamu tak harus bersamaku rasa ini memaksa untuk tetap bertahan meskipun mustahil sekali untuk bersama kita punya keinginan namun keadaan punya kenyataan
Kekasih Bayangan,Chakra Khan,padamu pemilik hati yang tak pernah kumiliki yang hadir sebagai bagian dari kisah hidupku engkau aku cinta dengan segenap rasa di hati selalu ku mencoba menjadi seperti yang engkau minta aku tahu engkau sebenarnya tahu tapi kau memilih seolah engkau tak tahu kau sembunyikan rasa cintaku di balik topeng persahabatanmu yang palsu kau jadikan aku kekasih bayangan untuk menemani saat kau merasa sepi bertahun lamanya kujalani kisah cinta sendiri mungkin memang benar cinta itu tak lagi berharga semua percuma bila engkau tak punyai harta aku tahu engkau sebenarnya tahu tapi kau memilih seolah engkau tak tahu kau sembunyikan rasa cintaku di balik topeng persahabatanmu yang palsu kau jadikan aku kekasih bayangan untuk menemani saat kau merasa sepi bertahun,cinta berubah bukan karena kumpulan fakta tapi cinta berubah karena ada cinta yang lebih masuk akal terkadang dunia sebercanda ini aku yang dibuat jatuh hati tetapi orang lain yang ditakdirkan untuk memiliki jangan terlalu berharap terhadap seseorang karena bayanganmu saja akan meninggalkanmu di saat gelap kau sembunyikan rasa cintaku dibalik topeng persahabatanmu yang palsu persahabatan antara laki dan perempuan ga mungkin kalo ga ada rasa mungkin keduanya sama tau tp lebih baik memendam rasa cintanya karna takut persahabatannya ga seperti semula cukup dengan senyum dan selalu ada buat dia kita udah ngerasa bahagia pada akhirnya kita akan merayakan bahagia dengan cara masing bukan dengan aku bukan dengan kamu masing-masing punyak cerita dan punya seseorang untuk berbagi sedangkan kita hanya bagian kecil dari cerita lama yang sudah selesai memiliki itu mustahil tapi setidaknya aku bisa melihat dia bahagia walaupun tidak bersamaku
Duka ,Last Child,kau membunuhku dengan kepedihan ini kau hempaskan ku ke dalam retaknya hati hingga air mata tak mampu tuk melukiskan perih yang kau ukir dalam hati ini kau hancurkan diriku saat engkau pergi setelah kau patahkan sayap ini hingga ku takkan bisa tuk terbang tinggi lagi dan mencari bintang yang dapat menggantikanmu sampai kini masih ku coba tuk terjaga dari mimpiku yang buat ku tak sadar bahwa kau bukan lagi milikku walau hati tak akan pernah dapat melupakan dirimu dan tiap tetes air mata yang jatuh kuatkan rinduku pada indah bayangmu canda tawamu pada indahnya duka dalam kenangan kita,memiliki itu mustahil tapi setidaknya aku bisa melihat dia bahagia walaupun tidak bersamaku penyesalan ini akan ku ingat sampai kita bertemu di kemudian hari sikapku yang membuat dia pergi tapi hati tak mampu merelakannya semesta memang sedang mengajariku tapi semesta tidak memberitah uku bagaimana menghadapinya sejauh apapun aku berusaha menahanmu nyatanya kau hanya singgah bukannya tetap menetap kamu terlalu pandai menjalankan peranmu sampai kau lupa kalo aku juga punya hati walau ku mencoba berlari sejauh apapun itu langkahku akan tetap tertuju pada hatimu selamat tinggal kenangan yang pernah ada walau kita sudah jauh berbeda tuhan memiliki rencana indah seberapa usaha mu maka tidak akan bisa melawan waktu dan kenyataan
Mesin Waktu,Budi Doremi,kalau harus ku mengingatmu lagi aku takkan sanggup dengan yang terjadi pada kita jika melupakanmu hal yang mudah ini takkan berat takkan membuat hatiku lelah kalah ku akui aku kalah cinta ini pahit dan tak harus memiliki jika aku bisa ku akan kembali ku akan merubah takdir cinta yang kupilih meskipun tak mungkin walaupun ku mau membawa kamu lewat mesin waktu jika melupakanmu hal yang mudah ini takkan berat takkan membuat hatiku lelah panjang perjalanan yang harus ku lalui merelakanmu,jangan takut ia pergi takutlah jika ia bersamamu namun hatinya untuk orang lain berat rasanya kehilangan seseorang yang kita sayangi akibat perbuatan yang sudah menyakitkan perasaan seseorang yang kita sayang semoga dari semua kejadian yang telah dilalui bisa menjadi pelajaran buat kita semua untuk bisa bijak dalam bertindak kepada orang yang kita sayang hidup bisa lebih indah saat kita bisa berdamai dengan masa lalu akan ada salah satu orang yang tidak bisa kamu lupakan selamanya bukan karena kamu mau dia kembali lagi berada di sampingmu tapi entah kenapa kenangannya benar -benar membekas saat kamu mendengar nama yang mirip dengannya kenangan tentang dia pun kembali seakan-akan kisah itu baru kemarin terjadi penyesalan datang diakhir disaat diratukan sama seseorang bahkan dia sudah melakukan segala sesuatunya untuk kita bahkan kita tidak tahu apa yg sudah dilakukan sama dia andai ada mesin waktu itu aku cuma pengen masuk kesana dan mengulang takdir yg dijalanin sekarang jika waktu bisa diulang lebih baik tidak mengenalnya dari pada harus merelakanya bahagia dengan yang lain
Orang Yang Sama,Virgoun,teringat lagi hal yang buat hatiku jatuh cinta dengan hebat nya padamu hingga kini ku belum mampu percaya kau miliku selama nya ku temukan arti cinta di waktu hidup dengan mu yang tak terduga seperti nadi mu yang selalu denyutkan setia aku bahagia menjadi pemiliknya bagaimana bisa aku jatuh cinta berulang kali berulang kali pada orang yang sama terima kasih kau tetap di sampingku di tengah kencang badai hidup menerpa saat dunia memaksa mu tuk pergi kau tetap setia bila waktu izinkan kita menua bersama dimataku indah mu tetap lah sama bagaimana bisa aku jatuh cinta berulang kali berulang kali pada orang yang sama seperti nadi mu yang selalu denyutkan setia aku bahagia menjadi pemiliknya bagaimana bisa kau titipkan cinta pada aku yang jauh dari sempurna,tentang bagaimana seseorang walaupun diterpa badai kehidupan tetap bisa merasakan jatuh cinta berulang kali pada orang yang sama dengan makna yang dalam juga dengan bunyi-bunyian unik yang gw persembahkan dari lagu ini gw berharap lagu ini bisa terhubung kepada mereka yang memiliki seseorang yang selalu setia mendampingi dalam keadaan apapun; dan mengajak kita untuk â€œberterima kasihlah kepada dia yang setia mendampingiâ€ jadi buat lw semua yang pernah mengalami dilema dalam rasa bimbang akan arah dan bingung menentukan langkah coba lw inget lagi siapa yang sampai detik ini dengan kesetiaannya selalu ada di sisi kamu jatuh cinta dengan seseorang itu mudah tapi jatuh cinta berulang kali dengan orang yang sama itu tidak mudah cobalah berusaha untuk bisa mencintai orang yang telah menemani hidup mu dengan suka duka kenanglah hari- hari indah mu cobalah saling memaafkan jalani hidup ini dengan senda gurau agar tercipta suasana yang indah dan bahagia cobalah berusaha untuk bisa mencintai orang yang telah menemani hidup mu dengan suka duka kenanglah hari- hari indah mu cobalah saling memaafkan jalani hidup ini dengan senda gurau agar tercipta suasana yang indah dan bahagia jika mencintai seseorang biarkan dia pergi jika ia kembali maka ia milikmu namun jika tidak kembali ketahuilah maka dia bukan milikmu walau aku bisa jatuh cinta berulang kali padamu yang sama kenyataannya kita diciptakan bukan untuk bersama aku mencintai seseorang sampai pada titik di mana aku tidak bisa membencinya
Dunia Tipu - Tipu,Yura Yunita,di dunia tipu-tipu kamu tempat aku bertumpu baik jahat abu-abu tapi warnamu putih untukku hanya kamu yang mengerti gelombang kepala ini puja-puji tanpa kata mata kita yang bicara selalu nyaman bersama janji takkan ke mana-mana puja-puji tanpa kata mata kita yang bicara selalu nyaman bersama janji takkan ke mana-mana ya di dunia tipu tipu ku bisa rasa nyata denganmu oh-hm-mm tanpa banyak una-inu ku bisa rasa aman selalu hanya kamu yang mengerti gelombang kepala ini ih-ih-ih puja-puji tanpa kata mata kita yang bicara selalu nyaman bersama janji takkan ke mana mana puja-puji tanpa kata mata kita yang bicara selalu nyaman bersama janji takkan ke mana-mana ya lelucon aneh tiap hari ku tertawa tanpa tapi tetaplah seperti ini puja-puji tanpa kata mata kita yang bicara selalu nyaman bersama janji takkan ke mana-mana janji janji takkan takkan ke mana-mana janji janji takkan takkan ke mana-mana janji janji janji takkan takkan ke mana-mana janji janji janji takkan takkan ke mana-mana,bersyukur masih punya keluarga tuhan adalah satuâ²nya tempat bertumpu diatas segalanya ajaibnya tuhan membuatku merasa ikhlas tentang pekerjaan dan hebatnya tuhan memberikan aku rejeki lebih di usaha sampinganku disaat aku bingung harus darimana uang menyambung hidup dengan hebatnya tuhan merespon mendengar doaku dengan mendatangkan banyak pembeli dalam waktu kurang dari jam dan sampai sekarang usahaku lancar walaupun pekerjaan tetapku bergaji yg jauh dari aku harapkan aku tidak malu dengan gelar yg aku punya walaupun sering dibilang punya gelar kok jualan seseorang yang selalu menjadi tempat pulang bagaikan langit yang selalu menjadi tempat pulang mentari tapi sekarang langit itu tidak terlihat entah mendung atau memang tidak mau menerima mentarinya kembali untuk dirimu langit matahari mu selalu menunggumu tempat pulang matahari hanya langit bukan di tempat lain lagu ini menyadarkan saya betapa berharganya orang yang selalu ada untuk saya terutama orang yang menyayangi saya orangtua sahabat dan pasangan saya
